{"mean": [230138.3092539711, 61.37560235588078, 0.16660717472782438, 2006.1504997322863, 0.5990961359985723, 0.6480174811708014, -7.196226887381759, 0.08291396573264322, 0.26775770910137425, 0.04022020048545422, 0.19314138407995715, 0.5180002855613064, 121.91194453864003], "std": [72094.00982293491, 8.048066878589564, 0.37262477649377607, 13.920584662064488, 0.15825508687591444, 0.20957265911474451, 3.738014483688371, 0.08931516224919347, 0.27610487745760626, 0.15282441843001315, 0.16793968059226236, 0.2444714359100149, 29.614593700335746]}